image_id,raw_score
COCO2017_train/241483,-17.598800659179688
COCO2017_train/21166,-27.846500396728516
COCO2017_train/429820,-15.86866569519043
COCO2017_train/524662,-13.862224578857422
COCO2017_train/434940,-46.191490173339844
COCO2017_train/559163,-17.362085342407227
COCO2017_train/303666,-11.015454292297363
COCO2017_train/128385,-41.201011657714844
COCO2017_train/201419,-17.242961883544922
COCO2017_train/237179,-19.175052642822266
COCO2017_train/329939,-24.94176483154297
COCO2017_train/531045,-10.406262397766113
COCO2017_train/489267,-25.54193115234375
COCO2017_val/210030,-11.535629272460938
COCO2017_train/444015,-15.374687194824219
COCO2017_train/522146,-29.208660125732422
COCO2017_train/559382,-42.162498474121094
COCO2017_train/481504,-36.241512298583984
COCO2017_train/122188,-6.204753875732422
COCO2017_train/519446,-16.3186092376709
COCO2017_train/513295,-20.87489128112793
COCO2017_train/348637,-32.93456268310547
COCO2017_train/561121,-24.68996810913086
COCO2017_train/523576,-18.597007751464844
COCO2017_train/107628,-27.98126220703125
COCO2017_train/329354,-19.142534255981445
COCO2017_train/326243,-25.452848434448242
COCO2017_train/113294,-18.36713409423828
COCO2017_train/16964,-40.25271224975586
COCO2017_train/468499,-50.07426452636719
COCO2017_train/397355,-27.953336715698242
COCO2017_train/241329,-28.95574951171875
COCO2017_val/370486,-22.85300636291504
COCO2017_train/384804,-36.4549674987793
COCO2017_train/40219,-20.951412200927734
COCO2017_train/295199,-13.663580894470215
COCO2017_train/117418,-34.69542694091797
COCO2017_train/460353,-40.57146072387695
COCO2017_train/104327,-42.975379943847656
COCO2017_train/203462,-32.727657318115234
COCO2017_train/383890,-12.4029541015625
COCO2017_train/394159,-25.763320922851562
COCO2017_train/409206,-0.9136916995048523
COCO2017_train/546095,-29.141437530517578
COCO2017_train/109894,-27.561397552490234
COCO2017_train/31666,-26.72235679626465
COCO2017_train/475306,-31.384130477905273
COCO2017_train/305724,-12.111873626708984
COCO2017_val/190853,-14.207648277282715
COCO2017_train/507237,-31.086549758911133
COCO2017_train/263042,-15.206501960754395
COCO2017_train/180083,-22.862035751342773
COCO2017_train/413090,-23.364744186401367
COCO2017_train/535795,-16.399553298950195
COCO2017_train/487507,-14.878443717956543
COCO2017_train/563858,-36.706905364990234
COCO2017_train/511301,-24.12273406982422
COCO2017_train/134770,-45.84939956665039
COCO2017_train/403506,-16.808063507080078
COCO2017_train/49165,-28.312402725219727
COCO2017_train/550944,-48.788124084472656
COCO2017_train/105026,-24.178203582763672
COCO2017_train/63036,-34.02206802368164
COCO2017_val/336628,-25.13815689086914
COCO2017_train/344720,-32.94767761230469
COCO2017_train/148852,-35.4882698059082
COCO2017_train/570760,-25.212650299072266
COCO2017_train/96505,-18.88927459716797
COCO2017_train/239120,-14.201627731323242
COCO2017_train/274538,-11.595561981201172
COCO2017_train/419697,-39.58489990234375
COCO2017_train/451196,-36.098114013671875
COCO2017_train/128475,-15.099695205688477
COCO2017_train/503605,-13.82942008972168
COCO2017_train/232165,-25.146228790283203
COCO2017_train/32818,-23.784175872802734
COCO2017_train/5459,-13.780444145202637
COCO2017_train/354059,-21.79572105407715
COCO2017_train/426088,-14.960187911987305
COCO2017_train/343135,-24.1547908782959
COCO2017_train/571503,-17.7618350982666
COCO2017_train/446783,-31.12830352783203
COCO2017_train/20769,-21.39889144897461
COCO2017_train/163565,-16.827688217163086
COCO2017_train/144345,-19.25246238708496
COCO2017_train/559301,-28.57954978942871
COCO2017_train/257198,-17.071224212646484
COCO2017_train/359925,-33.40043640136719
COCO2017_train/210134,-21.672473907470703
COCO2017_train/574280,-40.443965911865234
COCO2017_train/374033,-28.07524299621582
COCO2017_train/236260,-17.85988998413086
COCO2017_train/409674,-28.449443817138672
COCO2017_train/397997,-28.096637725830078
COCO2017_train/339211,-36.39158248901367
COCO2017_train/451798,-43.891456604003906
COCO2017_train/45678,-33.73185729980469
COCO2017_train/30289,-10.681364059448242
COCO2017_train/45535,-20.268117904663086
COCO2017_train/448694,-30.883869171142578
COCO2017_train/493212,-11.451070785522461
COCO2017_train/285649,-36.9416618347168
COCO2017_train/360,-20.958345413208008
COCO2017_train/490979,-48.403987884521484
COCO2017_train/42682,-36.33707046508789
COCO2017_train/346849,-23.799232482910156
COCO2017_train/3992,-15.036930084228516
COCO2017_train/420070,-3.7792117595672607
COCO2017_train/314408,-38.11814498901367
COCO2017_train/533381,-16.939897537231445
COCO2017_val/255917,-36.391273498535156
COCO2017_train/578168,-22.281030654907227
COCO2017_train/496090,-7.022648334503174
COCO2017_train/421223,-11.22248363494873
COCO2017_train/71677,-29.071725845336914
COCO2017_val/130599,-27.724916458129883
COCO2017_train/343860,-21.39353370666504
COCO2017_train/361341,-30.13563346862793
COCO2017_val/110972,-3.650527238845825
COCO2017_train/284042,-23.71544647216797
COCO2017_train/565684,-15.620040893554688
COCO2017_train/496253,-30.59214973449707
COCO2017_train/427692,-29.02095603942871
COCO2017_train/341040,-5.731871128082275
COCO2017_train/94156,-40.901668548583984
COCO2017_train/304691,-21.756010055541992
COCO2017_train/279849,-31.48015022277832
COCO2017_train/69021,-15.165520668029785
COCO2017_train/75101,-22.152666091918945
COCO2017_val/491071,-9.301766395568848
COCO2017_train/452819,-42.81137466430664
COCO2017_train/268670,-15.079679489135742
COCO2017_train/33717,-34.870826721191406
COCO2017_train/413202,-13.986734390258789
COCO2017_train/521196,-22.533859252929688
COCO2017_train/323820,-25.6096248626709
COCO2017_train/219174,-15.622040748596191
COCO2017_train/469770,-33.82313537597656
COCO2017_train/225238,-19.045618057250977
COCO2017_train/314647,-30.133596420288086
COCO2017_train/160866,-12.537007331848145
COCO2017_train/93175,-23.89496612548828
COCO2017_train/14248,-11.901787757873535
COCO2017_train/274334,-42.72876739501953
COCO2017_train/351382,-20.532611846923828
COCO2017_train/33295,-29.69687271118164
COCO2017_train/62313,-21.647075653076172
COCO2017_train/65087,-13.461812973022461
COCO2017_train/256189,-34.436893463134766
COCO2017_train/234967,-23.390947341918945
COCO2017_train/490160,-23.504837036132812
COCO2017_train/490469,-28.29119300842285
COCO2017_train/447224,-20.942983627319336
COCO2017_train/308792,-9.879182815551758
COCO2017_train/557127,-28.746461868286133
COCO2017_train/510395,-19.397499084472656
COCO2017_train/326098,-32.217044830322266
COCO2017_train/369369,-6.5260539054870605
COCO2017_train/556540,-13.635610580444336
COCO2017_train/387513,-25.596878051757812
COCO2017_train/174712,-5.533731937408447
COCO2017_train/152649,-18.85689926147461
COCO2017_train/552650,-16.13405990600586
COCO2017_train/92601,-19.04660987854004
COCO2017_train/148286,-30.253313064575195
COCO2017_train/200272,-28.096437454223633
COCO2017_train/174358,-16.587764739990234
COCO2017_train/338529,-25.89581298828125
COCO2017_train/203371,-22.48138999938965
COCO2017_train/539891,-5.684694290161133
COCO2017_train/316671,-12.942885398864746
COCO2017_train/72850,-27.38655662536621
COCO2017_train/412842,-4.339105606079102
COCO2017_train/367096,-17.83062744140625
COCO2017_train/163457,-42.32856750488281
COCO2017_train/419666,-29.87578773498535
COCO2017_train/437951,-17.001611709594727
COCO2017_train/230892,-14.450459480285645
COCO2017_train/406230,-8.631708145141602
COCO2017_train/125188,-42.169124603271484
COCO2017_train/212027,-18.035165786743164
COCO2017_train/574940,-33.023807525634766
COCO2017_train/362567,-29.381338119506836
COCO2017_train/73567,-9.349348068237305
COCO2017_train/364157,-6.91864538192749
COCO2017_train/416981,-6.795949935913086
COCO2017_train/177939,-37.70296096801758
COCO2017_train/251249,-27.325031280517578
COCO2017_train/284366,-18.83042335510254
COCO2017_train/535302,-38.91573715209961
COCO2017_train/326937,-16.762393951416016
COCO2017_train/544481,-26.128358840942383
COCO2017_train/294005,-29.72113800048828
COCO2017_train/323934,-36.46986389160156
COCO2017_train/302470,-35.29826736450195
COCO2017_train/277857,-26.66700553894043
COCO2017_train/544216,-12.372665405273438
COCO2017_train/270460,-28.325868606567383
COCO2017_train/33888,-10.92111587524414
COCO2017_train/194203,-18.154022216796875
COCO2017_train/303376,-13.613750457763672
COCO2017_train/99933,-14.029243469238281
COCO2017_train/380162,-9.37546157836914
COCO2017_train/499094,-25.885848999023438
LAION-400M/2042084010028,-5.047144412994385
LAION-400M/818504015362,5.315141677856445
LAION-400M/1002064027891,-11.507250785827637
LAION-400M/2341005002106,-23.644624710083008
LAION-400M/3728455011591,-6.149267196655273
LAION-400M/2686578016009,-12.281497955322266
LAION-400M/3282178014466,-23.690704345703125
LAION-400M/3167728021518,-6.216018199920654
LAION-400M/7932046928,-20.83919334411621
LAION-400M/2264485020057,-9.025819778442383
LAION-400M/2203026012040,-2.070488691329956
LAION-400M/1365884019898,-20.739892959594727
LAION-400M/1301464008594,-34.05656814575195
LAION-400M/1566145001603,-23.40481948852539
LAION-400M/43302007933,-21.85513687133789
LAION-400M/3331752015870,-10.016434669494629
LAION-400M/180230002145,-40.113739013671875
LAION-400M/2783740000688,-15.725973129272461
LAION-400M/1363395017595,-18.74466323852539
LAION-400M/1611759018481,-27.168624877929688
LAION-400M/3686129005085,-18.04393196105957
LAION-400M/3301420023549,-17.3308162689209
LAION-400M/2374134015372,-21.75263786315918
LAION-400M/3012986016374,-27.12615966796875
LAION-400M/997723018836,-10.003177642822266
LAION-400M/2737079002174,-15.77331256866455
LAION-400M/1068334012840,-7.826024055480957
LAION-400M/1449472013790,-16.7612247467041
LAION-400M/93170001814,-8.011397361755371
LAION-400M/3656404016552,-7.484167098999023
LAION-400M/2073960017749,-12.442094802856445
LAION-400M/1054928024849,-22.93657684326172
LAION-400M/836783005547,-18.621353149414062
LAION-400M/1983642011625,-5.607726097106934
LAION-400M/3686369012357,-29.38974952697754
LAION-400M/1093969016376,-8.41543197631836
LAION-400M/3495168020210,-14.45211410522461
LAION-400M/3509258018405,-32.260841369628906
LAION-400M/2646801017292,-2.638150691986084
LAION-400M/2690399019915,-19.941055297851562
LAION-400M/3422212041283,-3.4376351833343506
LAION-400M/3239805012461,-26.003114700317383
LAION-400M/2755533000667,-9.359675407409668
LAION-400M/3513644020773,-3.683687448501587
LAION-400M/2649757010042,-24.258560180664062
LAION-400M/66576000873,-15.264802932739258
LAION-400M/1476422018810,-2.679392099380493
LAION-400M/1894778000588,-24.68048095703125
LAION-400M/673831016257,-5.171142578125
LAION-400M/2366525014062,-20.96893310546875
LAION-400M/2852413000055,-9.098199844360352
LAION-400M/1382615010683,-4.280447483062744
LAION-400M/3067489002517,-8.337666511535645
LAION-400M/1959689006038,-17.940092086791992
LAION-400M/1525165009948,-8.39865493774414
LAION-400M/9228016983,-6.071379661560059
LAION-400M/112182010717,-7.43823766708374
LAION-400M/3263966011816,-8.2141752243042
LAION-400M/1471922008375,-2.8733937740325928
LAION-400M/1766960012136,-11.34398078918457
LAION-400M/139263000285,-27.500661849975586
LAION-400M/1633057006616,-2.6932008266448975
LAION-400M/2966655007018,-15.476430892944336
LAION-400M/1783536019945,-8.781387329101562
LAION-400M/208719008952,-26.753124237060547
LAION-400M/1499412007369,-4.907348155975342
LAION-400M/2430586026463,-14.3936185836792
LAION-400M/3452428003554,-18.0777587890625
LAION-400M/876455001516,-30.669340133666992
LAION-400M/2753856006365,-25.830217361450195
LAION-400M/2825005000116,-0.7111647129058838
LAION-400M/460328000887,-18.66741180419922
LAION-400M/1778490007336,-11.95721435546875
LAION-400M/998105012793,-7.0358405113220215
LAION-400M/3694610014063,-27.42692756652832
LAION-400M/2544502024255,-16.098648071289062
LAION-400M/2101804015110,-6.221167087554932
LAION-400M/976128073132,-0.3243331015110016
LAION-400M/1434407002297,-34.78879928588867
LAION-400M/10041023248,-30.98451805114746
LAION-400M/1848315022078,-14.038009643554688
LAION-400M/1355225006994,-19.15563201904297
LAION-400M/3448266014898,-25.068735122680664
LAION-400M/1739472019324,-4.978400230407715
LAION-400M/2066488003996,-4.692912578582764
LAION-400M/1309594016534,-1.3878580331802368
LAION-400M/10528037755,-27.53962516784668
LAION-400M/1510499026355,-27.284210205078125
LAION-400M/3585138007816,-22.249353408813477
LAION-400M/2107592007764,-6.557153701782227
LAION-400M/3582315020254,-32.1304931640625
LAION-400M/1140379012307,-6.566042900085449
LAION-400M/1348392004468,-17.11101531982422
LAION-400M/2515334009380,-7.093101501464844
LAION-400M/1922020012764,-1.2786128520965576
LAION-400M/1981252013628,-10.60727310180664
LAION-400M/1015867007085,-17.680788040161133
LAION-400M/2794968027484,-1.0754735469818115
LAION-400M/1087399024385,-0.7618143558502197
LAION-400M/107689002860,-9.79520034790039
LAION-400M/1323814015947,-23.658361434936523
LAION-400M/1922677014116,-11.547602653503418
LAION-400M/2566688020189,-22.073036193847656
LAION-400M/180486001828,-9.070236206054688
LAION-400M/3031866008053,-18.5009822845459
LAION-400M/2504613012265,-10.069733619689941
LAION-400M/2323956006646,-28.280088424682617
LAION-400M/1851653014288,-8.172479629516602
LAION-400M/2866031026800,-14.191312789916992
LAION-400M/3596994019881,-0.5960087776184082
LAION-400M/845027007684,-20.731346130371094
LAION-400M/1171625019347,-7.65728759765625
LAION-400M/209997008440,-2.965257406234741
LAION-400M/3698444028880,-18.105314254760742
LAION-400M/3505530010563,-7.453564643859863
LAION-400M/3377700003501,-2.699244976043701
LAION-400M/3300584021814,-4.39796781539917
LAION-400M/3063478007811,-18.379438400268555
LAION-400M/3610547023485,-7.135009288787842
LAION-400M/1197157023343,0.19565844535827637
LAION-400M/2649908018211,-12.486459732055664
LAION-400M/1848567002902,-13.924676895141602
LAION-400M/3297487023552,-17.847684860229492
LAION-400M/2761836002044,-15.401749610900879
LAION-400M/2667785023558,-12.287981986999512
LAION-400M/126138002903,-6.802621841430664
LAION-400M/2209615020599,-25.180648803710938
LAION-400M/1585199019767,-18.518959045410156
LAION-400M/3591042004390,-26.56195640563965
LAION-400M/2114166006458,-11.284407615661621
LAION-400M/2601207022565,-15.688728332519531
LAION-400M/1439101009557,-13.528724670410156
LAION-400M/142478002666,-53.765411376953125
LAION-400M/140910009777,-14.29098892211914
LAION-400M/2111479007408,-19.319923400878906
LAION-400M/656857013181,-16.17378807067871
LAION-400M/2124709005046,-29.04474639892578
LAION-400M/13027048123,-15.503412246704102
LAION-400M/2390777008046,-0.9157856702804565
LAION-400M/1721885007330,-16.322546005249023
LAION-400M/3377329003583,-42.93876266479492
LAION-400M/2270653022464,-3.059476613998413
LAION-400M/1258787013514,-1.5535306930541992
LAION-400M/1277208004323,-28.022537231445312
LAION-400M/676256008695,-30.292381286621094
LAION-400M/853404021736,-2.884104013442993
LAION-400M/2413929003256,-5.578836917877197
LAION-400M/32473003855,-12.843795776367188
LAION-400M/3692787035447,-7.03973913192749
LAION-400M/1044072027639,-3.2219276428222656
LAION-400M/2364258006932,-36.4279670715332
LAION-400M/1435244002453,1.437215805053711
LAION-400M/2136307006550,-24.254566192626953
LAION-400M/3194005015488,-28.142133712768555
LAION-400M/2881261013471,-27.301105499267578
LAION-400M/3495551024388,-7.98618745803833
LAION-400M/13599064318,-22.232206344604492
LAION-400M/2396400000520,-13.47927188873291
LAION-400M/3155795023792,-5.700428485870361
LAION-400M/3047357036073,-33.34476089477539
LAION-400M/13591048067,-6.066582679748535
LAION-400M/1895143015136,-8.622814178466797
LAION-400M/3702480039039,-21.696792602539062
LAION-400M/2517802017346,-23.110185623168945
LAION-400M/3654743004036,-29.769275665283203
LAION-400M/1578430015620,-13.926870346069336
LAION-400M/1872351011322,-4.44091796875
LAION-400M/3662915023854,-49.695125579833984
LAION-400M/2756363025064,-0.48366492986679077
LAION-400M/36668004314,-9.105270385742188
LAION-400M/11555078796,-8.396733283996582
LAION-400M/1654817001233,-28.72925567626953
LAION-400M/15623024959,-7.3601884841918945
LAION-400M/283252004827,-11.145583152770996
LAION-400M/2871462006661,-28.53026008605957
LAION-400M/759456004666,-5.865354061126709
LAION-400M/3269454015049,-13.03437328338623
LAION-400M/1920475014210,-7.653955459594727
LAION-400M/73560011377,-13.56665325164795
LAION-400M/981631005881,-6.245866775512695
LAION-400M/178391002413,-13.682401657104492
LAION-400M/64270008563,-18.42277717590332
LAION-400M/173859003646,-19.49907875061035
LAION-400M/1302127008150,-12.427178382873535
LAION-400M/2380305016399,-9.203193664550781
LAION-400M/1986127003207,-1.2470403909683228
LAION-400M/3649165029507,-10.794814109802246
LAION-400M/2728120014492,-1.502246379852295
LAION-400M/1758168006018,-13.042543411254883
LAION-400M/2905594009115,-12.031363487243652
LAION-400M/3477423014558,-21.029203414916992
LAION-400M/1888799006386,-12.680913925170898
LAION-400M/3572509027503,-18.529953002929688
LAION-400M/1103613008755,-18.935762405395508
LAION-400M/1741382007190,-9.660603523254395
LAION-400M/3411286011901,-22.761194229125977
LAION-400M/2822114010789,-2.0457370281219482
LAION-400M/64960005449,-1.1211063861846924
LAION-400M/1989503002693,-7.0246806144714355
LAION-400M/1176133015777,-14.70935344696045
LAION-400M/867708000332,-6.051575183868408
LAION-400M/1073956000515,6.880242347717285
LAION-400M/244863001970,-47.67226791381836
LAION-400M/3675047034222,-0.9112400412559509
RAISE/rd54ccff5t,-10.213766098022461
RAISE/re5f541f7t,-9.039446830749512
RAISE/r164c1e13t,-3.5914547443389893
RAISE/rf075f9fat,-1.2784675359725952
RAISE/rcc2f4ed1t,-21.26877212524414
RAISE/r6423cf23t,-18.34697151184082
RAISE/r146771d7t,-6.861886501312256
RAISE/r5815d03at,-7.4406046867370605
RAISE/r53b68ce4t,-9.466378211975098
RAISE/ra4b6549dt,-3.8897457122802734
RAISE/r26c98404t,-10.705462455749512
RAISE/ree36866dt,0.042475953698158264
RAISE/r263492c3t,-9.584490776062012
RAISE/r2d4d9861t,-7.922062397003174
RAISE/r15a0b476t,-10.884430885314941
RAISE/re3bc227dt,-5.407251358032227
RAISE/rd72b4279t,-11.843006134033203
RAISE/r6900acf0t,-15.414090156555176
RAISE/rd9188a3ct,-4.18739128112793
RAISE/r51025f5et,0.10952866077423096
RAISE/r3e8d174ct,-3.224672555923462
RAISE/rc589a8d6t,-8.224556922912598
RAISE/rfb6ed6eet,-7.0603837966918945
RAISE/r2a151e6dt,-14.776286125183105
RAISE/r9d5307act,-11.261407852172852
RAISE/r7db6d214t,-14.168031692504883
RAISE/r76699a71t,-11.646289825439453
RAISE/rcaa0b48dt,-7.961869716644287
RAISE/r8e60f7d2t,-4.537965297698975
RAISE/r67ccfdabt,-6.353090763092041
RAISE/r2aad180ft,-10.831685066223145
RAISE/r16698b6et,-8.67799186706543
RAISE/r77896130t,-4.872002601623535
RAISE/r37267d0bt,-6.759509563446045
RAISE/r850e978dt,-8.850824356079102
RAISE/r1ec70fd3t,-4.193577766418457
RAISE/rc54a3103t,-7.371537685394287
RAISE/r698d9100t,-12.460464477539062
RAISE/raca79ceet,-8.855148315429688
RAISE/r0fae3dbdt,-3.718517541885376
RAISE/rc5828783t,-4.543506622314453
RAISE/r88fe447et,-5.8704447746276855
RAISE/r64447afet,-5.7460408210754395
RAISE/rfe5eb1c7t,-16.99087905883789
RAISE/rb2663285t,-9.991279602050781
RAISE/r3ac1b78et,-4.504861354827881
RAISE/rfcf5a802t,-8.870344161987305
RAISE/re3c7266ft,-16.371448516845703
RAISE/r6d133f14t,-3.6240124702453613
RAISE/r505d386ft,-7.472823619842529
RAISE/r11e26097t,-6.791599273681641
RAISE/r7dc33bb0t,-4.904092311859131
RAISE/r2e2262dbt,-13.895475387573242
RAISE/r5059c20et,-9.78902816772461
RAISE/r45198b06t,-2.819181203842163
RAISE/rea503b5et,0.41352421045303345
RAISE/rf732cdd0t,-9.999717712402344
RAISE/re72f9e29t,-3.614237070083618
RAISE/r4b670ce3t,-20.96428108215332
RAISE/r61709e6ft,-3.4380977153778076
RAISE/r90058c49t,-2.915820360183716
RAISE/r7a855399t,-10.772976875305176
RAISE/r134ba6abt,-9.589795112609863
RAISE/r1db5be20t,-15.310774803161621
RAISE/r2f10af66t,-11.45136547088623
RAISE/r0d280006t,-14.16882038116455
RAISE/r096982ddt,-4.585987091064453
RAISE/r8df138a1t,-17.773969650268555
RAISE/r609a1b8ct,-5.5922346115112305
RAISE/rf0428b81t,-13.843000411987305
RAISE/rbae3f1f0t,-2.1261446475982666
RAISE/r73f2f0abt,-3.382136821746826
RAISE/r64ef4d68t,-9.510622024536133
RAISE/ra6f007d7t,-6.236536979675293
RAISE/r4bf69958t,-6.830966472625732
RAISE/rb4496bc8t,-15.44282054901123
RAISE/r7b10b3f8t,-16.057952880859375
RAISE/r01cbb7fdt,-1.1614257097244263
RAISE/rb47de8f0t,2.899104118347168
RAISE/r9df074b7t,-6.0056843757629395
RAISE/r2db3db79t,-10.623685836791992
RAISE/ra3d8ad37t,-8.192216873168945
RAISE/r65124648t,-6.53889274597168
RAISE/r9d395b72t,-1.4135043621063232
RAISE/r81d84a87t,-11.099998474121094
RAISE/r7fce61c5t,-6.420094013214111
RAISE/re3b83ba2t,-13.863123893737793
RAISE/r6a688b40t,-3.97066330909729
RAISE/rd489873dt,-12.8972806930542
RAISE/r07df029bt,-6.873984336853027
RAISE/r7defe377t,-2.294732093811035
RAISE/r530da4d4t,-1.1228474378585815
RAISE/rfa156216t,-14.229473114013672
RAISE/ra99fedb4t,-7.147959232330322
RAISE/r773f8054t,-7.884110927581787
RAISE/r422c5921t,-12.375401496887207
RAISE/r44f1649at,-11.266709327697754
RAISE/r7b7af778t,-4.264193534851074
RAISE/rf3fbbe95t,-2.3623764514923096
RAISE/rd3300f09t,-4.418371677398682
RAISE/r0a5d7cb6t,-4.055417537689209
RAISE/r1d00d8ect,-4.191978931427002
RAISE/r775e93f7t,-16.32237434387207
RAISE/r6f9a60dat,-7.324848651885986
RAISE/r8ff9ad9et,-11.797386169433594
RAISE/r12cebbd2t,-6.189488887786865
RAISE/re6065c91t,-10.156770706176758
RAISE/r8488c4b6t,-6.573854923248291
RAISE/r7dc245a1t,-5.985259056091309
RAISE/rc11ffb12t,-9.151901245117188
RAISE/r98ed0851t,-6.3139567375183105
RAISE/r0b7b1156t,-2.124908447265625
RAISE/r9550384ft,-11.507762908935547
RAISE/r1a170ddbt,-10.057528495788574
RAISE/r244acef7t,-7.7052483558654785
RAISE/rde288c08t,-9.190790176391602
RAISE/r31407c4ct,-10.438405990600586
RAISE/rc6fe201at,-11.28438949584961
RAISE/rf1408abdt,-1.400844931602478
RAISE/r6569d553t,-4.160654067993164
RAISE/r4b9d29b8t,-7.726267337799072
RAISE/r99101faft,-0.9201421737670898
RAISE/r94c5074at,-10.710840225219727
RAISE/r5492235bt,-10.795538902282715
RAISE/r57468cb2t,-3.908529758453369
RAISE/r0b07b945t,-5.085079669952393
RAISE/ra7232b2ft,-10.362966537475586
RAISE/rab8752fbt,-8.627657890319824
RAISE/r19835fbft,-4.357471942901611
RAISE/r22c85aact,-12.917715072631836
RAISE/rc0eda2cft,-4.604055404663086
RAISE/ra20632e1t,-10.209750175476074
RAISE/rd156b2a5t,-7.061225891113281
RAISE/r9eb90a98t,-15.324509620666504
RAISE/r0a42c0f6t,-6.738458633422852
RAISE/r26c3ec0ct,-10.107110977172852
RAISE/r57384f06t,-3.3117778301239014
RAISE/r4dddfadbt,-7.660638332366943
RAISE/r662c01bdt,-3.7164132595062256
RAISE/r622b6cbft,-3.615791082382202
RAISE/r185929e9t,-21.14959716796875
RAISE/r229fa722t,-3.3448398113250732
RAISE/ra04cbebet,-10.597702026367188
RAISE/r20abcc53t,-10.324776649475098
RAISE/r58bfcffat,-6.106155872344971
RAISE/r529f6502t,-5.139498233795166
RAISE/r9addc6c1t,-11.249368667602539
RAISE/ra95f5efet,-3.063471794128418
RAISE/r1cad9823t,-8.07544231414795
RAISE/r55d0b9a1t,-15.009149551391602
RAISE/r9d614e15t,-5.750972747802734
RAISE/r1a7b8c42t,-19.559314727783203
RAISE/r2635711at,-7.772137641906738
RAISE/r9b08456dt,-2.5238893032073975
RAISE/r5e4ce8eat,-11.629603385925293
RAISE/r6eb43941t,-7.433465480804443
RAISE/r78261697t,-6.5388641357421875
RAISE/r90fc9201t,-12.655353546142578
RAISE/r033daaa0t,-10.287325859069824
RAISE/rb2e9b20et,-9.708704948425293
RAISE/r23b8ee7ft,-15.996556282043457
RAISE/rdc3bdbaat,-11.705626487731934
RAISE/rc7b771d1t,-5.1458916664123535
RAISE/re16e9844t,-9.925704956054688
RAISE/rf9b6ac8dt,-9.5830659866333
RAISE/r1a0f5585t,-11.980268478393555
RAISE/rc5676b6dt,-6.269670486450195
RAISE/r645823eft,-1.5820207595825195
RAISE/rc549c53at,-6.5920000076293945
RAISE/r28ec0cc3t,-4.965369701385498
RAISE/r51f7db1bt,-6.068813800811768
RAISE/r80cebbbet,-10.255359649658203
RAISE/r6d3e4d68t,-2.7216227054595947
RAISE/r76dc7392t,-2.6058332920074463
RAISE/r13073518t,-24.180278778076172
RAISE/r3a599d9ft,-4.824241638183594
RAISE/r043951a3t,-10.087464332580566
RAISE/r065a0da9t,-13.233978271484375
RAISE/r2d588ad7t,-8.497374534606934
RAISE/rc69ac48dt,-5.769586563110352
RAISE/reb3e5596t,-6.600231170654297
RAISE/re3ddc7det,-15.954419136047363
RAISE/r70e20ef5t,-6.091111660003662
RAISE/r5f41b3e1t,-7.922852993011475
RAISE/racdfb1b1t,-4.234701633453369
RAISE/rd8793e4bt,-11.24870491027832
RAISE/r9650ee8dt,-10.490757942199707
RAISE/r2261eff5t,-3.762254238128662
RAISE/r419471c0t,-8.802709579467773
RAISE/rd6ea5be5t,-2.00456166267395
RAISE/ra542038et,-6.396353244781494
RAISE/r49cb97b4t,-8.962971687316895
RAISE/r6b40a1aft,-9.342689514160156
RAISE/rb8f99643t,-7.578569412231445
RAISE/r5a6164c6t,-16.01105308532715
RAISE/rba31fbaat,-4.89027738571167
RAISE/rd0ec4e97t,-13.728090286254883
RAISE/rb068ee73t,-10.47472095489502
RAISE/r61611af9t,-5.406989097595215
RAISE/r23d1f858t,-7.8430681228637695
RAISE/rd7513783t,-37.59209060668945
RAISE/r9348b3cet,-1.785475730895996
RAISE/re03af402t,-7.687678337097168
RAISE/r4dbba042t,-7.334312438964844
Artifact/cycle_gan/st/horse2zebra/img000596,-16.734224319458008
Artifact/cycle_gan/st/horse2zebra/img001182,-17.072898864746094
Artifact/cycle_gan/st/horse2zebra/img001208,-15.406087875366211
Artifact/cycle_gan/st/horse2zebra/img002272,-16.94740867614746
Artifact/cycle_gan/st/horse2zebra/img002774,-12.072980880737305
Artifact/cycle_gan/st/horse2zebra/img004672,-3.625918388366699
Artifact/cycle_gan/st/monet2photo/img008575,-14.508806228637695
Artifact/cycle_gan/st/monet2photo/img009065,-17.438444137573242
Artifact/cycle_gan/st/monet2photo/img009695,-11.230094909667969
Artifact/cycle_gan/st/photo2monet/img012414,-8.076992988586426
Artifact/cycle_gan/st/photo2monet/img012538,-11.341361045837402
Artifact/cycle_gan/st/photo2monet/img014073,-16.10683822631836
Forensynths/test/cyclegan/apple/1_fake/n07749192_12721_fake,-12.415496826171875
Forensynths/test/cyclegan/apple/1_fake/n07749192_701_fake,-15.179729461669922
Forensynths/test/cyclegan/apple/1_fake/n07749192_9841_fake,-19.809785842895508
Forensynths/test/cyclegan/orange/1_fake/n07740461_12101_fake,-5.0035929679870605
Forensynths/test/cyclegan/summer/1_fake/2016-05-10 15:33:51_fake,-20.533899307250977
Forensynths/test/crn/1_fake/100222_output,-8.258713722229004
Forensynths/test/crn/1_fake/100578_output,-5.689716339111328
Forensynths/test/crn/1_fake/100860_output,-5.256538391113281
Forensynths/test/crn/1_fake/101561_output,-10.749862670898438
Forensynths/test/crn/1_fake/101729_output,-9.649284362792969
Forensynths/test/crn/1_fake/102380_output,-4.764960765838623
Forensynths/test/crn/1_fake/102688_output,-4.9937744140625
Forensynths/test/crn/1_fake/102738_output,-8.240466117858887
Forensynths/test/crn/1_fake/102781_output,-10.669687271118164
Forensynths/test/crn/1_fake/102836_output,-12.113767623901367
Forensynths/test/crn/1_fake/103016_output,-5.890318870544434
Forensynths/test/crn/1_fake/103024_output,-5.586580276489258
Forensynths/test/crn/1_fake/103054_output,-10.91490364074707
Forensynths/test/crn/1_fake/103448_output,-12.202596664428711
Forensynths/test/crn/1_fake/103799_output,-5.932498455047607
Forensynths/test/crn/1_fake/105904_output,-7.49975061416626
Forensynths/test/crn/1_fake/106278_output,-9.948972702026367
Artifact/pro_gan/pro/cow/1_fake/img019822,-23.42473030090332
Artifact/pro_gan/pro/sofa/1_fake/img035421,-7.328050136566162
DDMD/diffusion_model_deepfakes_lsun_bedroom/test/ProGAN/002302,0.19019277393817902
DDMD/diffusion_model_deepfakes_lsun_bedroom/test/ProGAN/008164,0.6594224572181702
DMimageDetection/test/progan_lsun/bus_13836,-11.756693840026855
DMimageDetection/test/progan_lsun/car_02617,-2.506348133087158
DMimageDetection/test/progan_lsun/cat_00642,-12.17785930633545
DMimageDetection/test/progan_lsun/cat_00807,-19.81931495666504
DMimageDetection/test/progan_lsun/cow_00807,-22.354333877563477
DMimageDetection/test/progan_lsun/diningtable_11308,-14.18936538696289
DMimageDetection/test/progan_lsun/tvmonitor_18267,-16.147361755371094
Forensynths/progan_valid/pottedplant/1_fake/00592,-14.967787742614746
Forensynths/test/progan/chair/1_fake/17289,-5.1973347663879395
Forensynths/test/progan/cow/1_fake/15908,-17.898035049438477
Forensynths/test/progan/horse/1_fake/06154,-14.621088981628418
Forensynths/test/progan/horse/1_fake/13527,-20.386240005493164
Forensynths/test/progan/sheep/1_fake/03527,-16.07124900817871
Artifact/star_gan/star/stargan/Black_Hair/img000074,0.3708692491054535
Artifact/star_gan/star/stargan/Black_Hair/img000183,3.6556336879730225
Artifact/star_gan/star/stargan/Black_Hair/img000572,-3.0583951473236084
Artifact/star_gan/star/stargan/Black_Hair/img000597,-2.052639961242676
Artifact/star_gan/star/stargan/Black_Hair/img001043,2.0217678546905518
Artifact/star_gan/star/stargan/Blond_Hair/img003258,-1.542436957359314
Artifact/star_gan/star/stargan/Brown_Hair/img004499,-0.47827568650245667
Artifact/star_gan/star/stargan/Brown_Hair/img005078,1.7083277702331543
Artifact/star_gan/star/stargan/Male/img006697,-3.1506731510162354
Artifact/star_gan/star/stargan/Male/img007155,-1.4596530199050903
Artifact/star_gan/star/stargan/Male/img007993,-1.0137144327163696
Artifact/star_gan/star/stargan/Young/img008040,-3.8332905769348145
Artifact/star_gan/star/stargan/Young/img008330,1.1955171823501587
Forensynths/test/stargan/1_fake/0970,1.1098361015319824
Forensynths/test/stargan/1_fake/1133,2.3047385215759277
Forensynths/test/stargan/1_fake/1674,-4.119457244873047
Forensynths/test/stargan/1_fake/1807,-5.372054100036621
Artifact/generative_inpainting/gc-in/gcinpaint-cutout-data/img000925,-7.628615856170654
Artifact/generative_inpainting/gc-in/gcinpaint-cutout-data/img002370,-6.988845348358154
Artifact/generative_inpainting/gc-in/gcinpaint-cutout-data/img002885,-19.093097686767578
Artifact/generative_inpainting/gc-in/gcinpaint-cutout-data/img003733,-3.085827112197876
Artifact/generative_inpainting/gc-in/gcinpaint-cutout-data/img004614,-12.330702781677246
Artifact/generative_inpainting/gc-in/gcinpaint-cutout-data/img006377,-18.824291229248047
Artifact/generative_inpainting/gc-in/gcinpaint-cutout-data/img006963,-16.01503562927246
Artifact/generative_inpainting/gc-in/gcinpaint-cutout-data/img007005,-1.5719060897827148
Artifact/generative_inpainting/gc-in/gcinpaint-cutout-data/img007159,-12.548030853271484
Artifact/generative_inpainting/gc-in/gcinpaint-cutout-data/img008439,-8.83159065246582
Artifact/generative_inpainting/gc-in/gcinpaint-cutout-data/img012121,-10.854864120483398
Artifact/generative_inpainting/gc-in/gcinpaint-cutout-data/img014858,-15.16797924041748
Artifact/generative_inpainting/gc-in/gcinpaint-cutout-data/img015054,-4.642477035522461
Artifact/generative_inpainting/gc-in/gcinpaint-cutout-data/img015966,-17.22018051147461
Artifact/generative_inpainting/gc-in/gcinpaint-cutout-data/img016377,-4.574481964111328
Artifact/generative_inpainting/gc-in/gcinpaint-cutout-data/img017976,-15.129131317138672
Artifact/generative_inpainting/gc-in/gcinpaint-cutout-data/img018301,-9.277253150939941
Artifact/big_gan/big/biggan-data/126/img000314,0.36963731050491333
Artifact/big_gan/big/biggan-data/199/img001114,-9.171319961547852
Artifact/big_gan/big/biggan-data/326/img002531,-1.1816693544387817
Artifact/big_gan/big/biggan-data/342/img002714,-8.859856605529785
Artifact/big_gan/big/biggan-data/407/img003432,-0.4939578175544739
Artifact/big_gan/big/biggan-data/542/img004935,-4.266482830047607
Artifact/big_gan/big/biggan-data/609/img005673,-3.691460132598877
Artifact/big_gan/big/biggan-data/618/img005779,1.1697609424591064
Artifact/big_gan/big/biggan-data/64/img006012,-0.43831080198287964
Artifact/big_gan/big/biggan-data/894/img008838,-2.6151959896087646
DMimageDetection/test/biggan_256/biggan_441_950765,-5.450739860534668
DMimageDetection/test/biggan_512/biggan_173_832347,-11.659789085388184
DMimageDetection/test/biggan_512/biggan_221_561098,-7.503268718719482
Forensynths/test/biggan/1_fake/00087914,-6.985395431518555
Forensynths/test/biggan/1_fake/00168052,-14.388017654418945
Forensynths/test/biggan/1_fake/00206642,-4.852432727813721
Forensynths/test/biggan/1_fake/00470373,-7.094951629638672
Forensynths/test/imle/1_fake/00100064,-11.653068542480469
Forensynths/test/imle/1_fake/00100076,-9.169718742370605
Forensynths/test/imle/1_fake/00100173,-7.406433582305908
Forensynths/test/imle/1_fake/00100356,-7.466524124145508
Forensynths/test/imle/1_fake/00100930,-8.573036193847656
Forensynths/test/imle/1_fake/00101070,-2.598750352859497
Forensynths/test/imle/1_fake/00102302,-4.0536580085754395
Forensynths/test/imle/1_fake/00102689,-4.6144609451293945
Forensynths/test/imle/1_fake/00103009,-6.333974838256836
Forensynths/test/imle/1_fake/00103534,-9.722075462341309
Forensynths/test/imle/1_fake/00103895,-5.326754093170166
Forensynths/test/imle/1_fake/00104840,-3.518364429473877
Forensynths/test/imle/1_fake/00105112,-6.950299263000488
Forensynths/test/imle/1_fake/00105135,-7.303408622741699
Forensynths/test/imle/1_fake/00105283,-7.5602803230285645
Forensynths/test/imle/1_fake/00105760,-6.0116167068481445
Forensynths/test/imle/1_fake/00106358,-4.703668117523193
Artifact/stylegan1/sg1/1-million-fake-faces-2/1m_faces_24_35_26_27_28_29_30/1m_faces_24_35_26_27_28_29_30/1m_faces_30/img001481,0.032469529658555984
Artifact/stylegan1/sg1/1-million-fake-faces-3/1m_faces_31__45/1m_faces_39/img002346,-4.873968124389648
Artifact/stylegan1/sg1/1-million-fake-faces-3/1m_faces_31__45/1m_faces_40/img002477,-10.229095458984375
Artifact/stylegan1/sg1/1-million-fake-faces-3/1m_faces_31__45/1m_faces_42/img002634,-4.6728515625
Artifact/stylegan1/sg1/1-million-fake-faces-4/1m_faces_46__60/1m_faces_48/img003205,0.11069941520690918
Artifact/stylegan1/sg1/1-million-fake-faces-4/1m_faces_46__60/1m_faces_51/img003580,-0.6944969892501831
Artifact/stylegan1/sg1/1-million-fake-faces-4/1m_faces_46__60/1m_faces_60/img004424,5.562746047973633
Artifact/stylegan1/sg1/1-million-fake-faces-5/1m_faces_61__75/1m_faces_75/img005941,-1.7622294425964355
Artifact/stylegan1/sg1/1-million-fake-faces-6/1m_faces_76__90/1m_faces_79/img006389,0.5233684778213501
Artifact/stylegan1/sg1/1-million-fake-faces-6/1m_faces_76__90/1m_faces_87/img007108,-6.018757343292236
Artifact/stylegan1/sg1/1-million-fake-faces-7/1m_faces_91__99/1m_faces_95/img007980,-0.6156701445579529
Artifact/stylegan1/sg1/1-million-fake-faces/1m_faces_00_01_02_03/1m_faces_00_01_02_03/1m_faces_02/img008676,-5.361444473266602
Forensynths/test/stylegan/bedroom/1_fake/011412,1.0385406017303467
Forensynths/test/stylegan/bedroom/1_fake/023287,4.090730667114258
Forensynths/test/stylegan/bedroom/1_fake/090572,3.295640707015991
Forensynths/test/stylegan/car/1_fake/018366,-7.09179162979126
Forensynths/test/stylegan/car/1_fake/052643,-5.782707214355469
Artifact/gau_gan/gau/gaugan-ade/img001292,-12.263886451721191
Artifact/gau_gan/gau/gaugan-coco/img000097,-19.70987892150879
Artifact/gau_gan/gau/gaugan-coco/img000432,-8.99189281463623
Artifact/gau_gan/gau/gaugan-coco/img001889,-6.98630952835083
Artifact/gau_gan/gau/gaugan-coco/img002230,-18.305543899536133
Artifact/gau_gan/gau/gaugan-coco/img002443,-8.063850402832031
Artifact/gau_gan/gau/gaugan-coco/img003018,4.5841288566589355
Artifact/gau_gan/gau/gaugan-coco/img003221,1.516259789466858
Artifact/gau_gan/gau/gaugan-coco/img003953,-18.748722076416016
Forensynths/test/gaugan/1_fake/000000014038,-7.322977542877197
Forensynths/test/gaugan/1_fake/000000020247,-22.106595993041992
Forensynths/test/gaugan/1_fake/000000049091,-11.65849494934082
Forensynths/test/gaugan/1_fake/000000066817,-4.613592147827148
Forensynths/test/gaugan/1_fake/000000334399,-8.386484146118164
Forensynths/test/gaugan/1_fake/000000459634,-13.719222068786621
Forensynths/test/gaugan/1_fake/000000555012,-7.970456123352051
Forensynths/test/gaugan/1_fake/000000580757,-20.027053833007812
Artifact/stylegan2/cat-part1/cat-256x256/stylegan2-config-f-psi-0.5/054000/img054325,-3.375854969024658
Artifact/stylegan2/cat-part2/cat-256x256/stylegan2-config-f-psi-1.0/020000/img020740,-0.7437195777893066
Artifact/stylegan2/church-part1/church-256x256/stylegan2-config-f-psi-0.5/059000/img059502,-6.385326862335205
Artifact/stylegan2/church-part2/church-256x256/stylegan2-config-f-psi-1.0/025000/img025116,-1.558212161064148
Artifact/stylegan2/church-part2/church-256x256/stylegan2-config-f-psi-1.0/031000/img031011,-7.507615566253662
Artifact/stylegan2/ffhq-part1/ffhq-1024x1024/stylegan2-config-f-psi-0.5/054000/img054244,4.19140100479126
Artifact/stylegan2/horse-part1/horse-256x256/stylegan2-config-f-psi-0.5/091000/img091728,-30.150272369384766
Artifact/stylegan2/horse-part2/horse-256x256/stylegan2-config-f-psi-1.0/058000/img058162,-2.760399103164673
DMimageDetection/test/stylegan2_ffhq_1024x1024/seed57443126,-6.350189208984375
DMimageDetection/test/stylegan2_lsundog_256x256/seed27345400,-4.2857890129089355
Forensynths/test/stylegan2/car/1_fake/000183,-9.59878158569336
Forensynths/test/stylegan2/car/1_fake/000286,-12.298419952392578
Forensynths/test/stylegan2/cat/1_fake/000190,-14.653694152832031
Forensynths/test/stylegan2/cat/1_fake/000878,-6.193322658538818
Forensynths/test/stylegan2/cat/1_fake/001357,-17.13343620300293
Forensynths/test/stylegan2/cat/1_fake/001374,-11.09195327758789
Forensynths/test/stylegan2/horse/1_fake/000231,-14.978285789489746
Artifact/ddpm/ddpm/bedroom/img000503,-10.521438598632812
Artifact/ddpm/ddpm/bedroom/img000743,-3.1335248947143555
DDMD/diffusion_model_deepfakes_lsun_bedroom/test/DDPM/000803,-3.444782018661499
DDMD/diffusion_model_deepfakes_lsun_bedroom/test/DDPM/002978,1.0004851818084717
DDMD/diffusion_model_deepfakes_lsun_bedroom/test/DDPM/003277,-1.2984352111816406
DDMD/diffusion_model_deepfakes_lsun_bedroom/test/DDPM/003314,0.9036037921905518
DDMD/diffusion_model_deepfakes_lsun_bedroom/test/DDPM/004374,-6.669930458068848
DDMD/diffusion_model_deepfakes_lsun_bedroom/test/DDPM/005098,-3.5924553871154785
DDMD/diffusion_model_deepfakes_lsun_bedroom/test/DDPM/005254,0.9637725353240967
DDMD/diffusion_model_deepfakes_lsun_bedroom/test/DDPM/005476,-0.8716620802879333
DDMD/diffusion_model_deepfakes_lsun_bedroom/test/DDPM/005753,4.426276206970215
DDMD/diffusion_model_deepfakes_lsun_bedroom/test/DDPM/006938,3.0403590202331543
DDMD/diffusion_model_deepfakes_lsun_bedroom/test/DDPM/007424,-1.3218960762023926
DDMD/diffusion_model_deepfakes_lsun_bedroom/test/DDPM/007642,-2.2447853088378906
DDMD/diffusion_model_deepfakes_lsun_bedroom/test/DDPM/007806,3.8718786239624023
DDMD/diffusion_model_deepfakes_lsun_bedroom/test/DDPM/008244,-0.26489967107772827
DDMD/diffusion_model_deepfakes_lsun_bedroom/test/DDPM/009935,-0.44551512598991394
Artifact/cips/cips/cips-churces/img000521,-7.320493698120117
Artifact/cips/cips/cips-churces/img002776,-5.916371822357178
Artifact/cips/cips/cips-ffhq/img000048,0.946226954460144
Artifact/cips/cips/cips-ffhq/img000720,-1.7537779808044434
Artifact/cips/cips/cips-ffhq/img000920,-0.3994256258010864
Artifact/cips/cips/cips-ffhq/img001849,-1.29079270362854
Artifact/cips/cips/cips-ffhq/img002015,0.8964492082595825
Artifact/cips/cips/cips-ffhq/img002262,0.35287919640541077
Artifact/cips/cips/cips-ffhq/img002938,-7.379412651062012
Artifact/cips/cips/cips-ffhq/img003974,0.7118236422538757
Artifact/cips/cips/cips-ffhq/img003997,-4.046621799468994
Artifact/cips/cips/cips-ffhq/img004084,-4.518336772918701
Artifact/cips/cips/cips-ffhq/img004171,-2.1398229598999023
Artifact/cips/cips/cips-landscape/img001189,-6.490735054016113
Artifact/cips/cips/cips-landscape/img001772,-2.830211639404297
Artifact/cips/cips/cips-landscape/img001934,-5.383105754852295
Artifact/cips/cips/cips-landscape/img002236,-4.796058177947998
Artifact/taming_transformer/tt-cc/cin_k600_p1.0_a0.05_fid5.20/17/img003986,-10.486581802368164
Artifact/taming_transformer/tt-cc/cin_k600_p1.0_a0.05_fid5.20/182/img004696,-1.8003851175308228
Artifact/taming_transformer/tt-cc/cin_k600_p1.0_a0.05_fid5.20/375/img015391,-10.851866722106934
Artifact/taming_transformer/tt-cc/cin_k600_p1.0_a0.05_fid5.20/64/img030082,1.21505606174469
Artifact/taming_transformer/tt-cc/cin_k600_p1.0_a0.05_fid5.20/661/img031276,-10.784624099731445
Artifact/taming_transformer/tt-cc/cin_k600_p1.0_a0.05_fid5.20/773/img037499,3.181901216506958
Artifact/taming_transformer/tt-cc/cin_k600_p1.0_a0.05_fid5.20/81/img039540,-3.093662977218628
Artifact/taming_transformer/tt-cc/cin_k600_p1.0_a0.05_fid5.20/868/img042706,-10.352253913879395
Artifact/taming_transformer/tt-cc/cin_k600_p1.0_a0.05_fid5.20/965/img048139,-3.9462242126464844
Artifact/taming_transformer/tt-cc/cin_k600_p1.0_a0.05_fid5.20/987/img049336,-11.718635559082031
Artifact/taming_transformer/tt-ffhq/ffhq_k300_p1.0_fid9.6/img003450,0.43890517950057983
Artifact/taming_transformer/tt-ffhq/ffhq_k300_p1.0_fid9.6/img007979,0.8955544233322144
Artifact/taming_transformer/tt-ffhq/ffhq_k300_p1.0_fid9.6/img026386,0.39062660932540894
Artifact/taming_transformer/tt-ffhq/ffhq_k300_p1.0_fid9.6/img027756,4.646933078765869
Artifact/taming_transformer/tt-ffhq/ffhq_k300_p1.0_fid9.6/img031179,-0.7821183800697327
DMimageDetection/test/taming-transformers_class2image_ImageNet/138_000003,-5.729421138763428
DMimageDetection/test/taming-transformers_noise2image_FFHQ/taming-transformers_noise2img-ffhq256_000433,7.057685852050781
Artifact/gansformer/gf/bedrooms_images/img000159,-0.014036962762475014
Artifact/gansformer/gf/bedrooms_images/img000651,2.8548812866210938
Artifact/gansformer/gf/bedrooms_images/img001932,-3.0660319328308105
Artifact/gansformer/gf/bedrooms_images/img003063,2.18821120262146
Artifact/gansformer/gf/bedrooms_images/img003553,-3.4118940830230713
Artifact/gansformer/gf/bedrooms_images/img003959,-0.5898348689079285
Artifact/gansformer/gf/bedrooms_images/img004027,0.5672333240509033
Artifact/gansformer/gf/bedrooms_images/img004184,-5.615616321563721
Artifact/gansformer/gf/bedrooms_images/img004659,0.7028724551200867
Artifact/gansformer/gf/bedrooms_images/img004749,-5.543667316436768
Artifact/gansformer/gf/ffhq_images/img005066,-0.8746801018714905
Artifact/gansformer/gf/ffhq_images/img005381,2.4269957542419434
Artifact/gansformer/gf/ffhq_images/img006325,4.620941638946533
Artifact/gansformer/gf/ffhq_images/img006401,3.6117618083953857
Artifact/gansformer/gf/ffhq_images/img006590,-4.18271017074585
Artifact/gansformer/gf/ffhq_images/img007217,-5.0061564445495605
Artifact/gansformer/gf/ffhq_images/img008944,0.4769670069217682
DDMD/diffusion_model_deepfakes_lsun_bedroom/test/ADM/001196,-6.524157524108887
DDMD/diffusion_model_deepfakes_lsun_bedroom/test/ADM/004688,-1.755387306213379
DDMD/diffusion_model_deepfakes_lsun_bedroom/test/ADM/006548,4.675499439239502
DMimageDetection/test/guided-diffusion_noise2image_LSUNhorses/guided-diffusion_noise2img-lsunhorses-nodropout_221,-10.856245040893555
DMimageDetection/test/guided-diffusion_noise2image_LSUNhorses/guided-diffusion_noise2img-lsunhorses-nodropout_47,-18.972537994384766
GenImage/ADM/train/ai/175_adm_24,-1.3557233810424805
GenImage/ADM/train/ai/313_adm_126,-3.3994879722595215
GenImage/ADM/train/ai/444_adm_189,-20.371702194213867
GenImage/ADM/train/ai/623_adm_184,-0.272854745388031
GenImage/ADM/train/ai/683_adm_16,-6.351337909698486
GenImage/ADM/train/ai/68_adm_15,-14.18721866607666
GenImage/ADM/train/ai/794_adm_156,-10.490682601928711
GenImage/ADM/train/ai/819_adm_60,-12.733430862426758
GenImage/ADM/train/ai/82_adm_13,-16.456518173217773
GenImage/ADM/train/ai/857_adm_190,-4.55872106552124
GenImage/ADM/train/ai/917_adm_87,-15.049532890319824
GenImage/ADM/val/ai/718_adm_34,-12.538710594177246
Artifact/stylegan3/sg3/stylegan3-r-afhqv2-512x512/img001989,-2.4262261390686035
Artifact/stylegan3/sg3/stylegan3-r-ffhq-1024x1024/img003554,-6.228613376617432
Artifact/stylegan3/sg3/stylegan3-r-ffhqu-1024x1024/img005941,-4.935977935791016
Artifact/stylegan3/sg3/stylegan3-r-ffhqu-256x256/img001362,0.03995742276310921
Artifact/stylegan3/sg3/stylegan3-r-metfacesu-1024x1024/img001053,-7.382458686828613
Artifact/stylegan3/sg3/stylegan3-t-afhqv2-512x512/img000359,-1.9644148349761963
Artifact/stylegan3/sg3/stylegan3-t-afhqv2-512x512/img000768,-16.738834381103516
Artifact/stylegan3/sg3/stylegan3-t-afhqv2-512x512/img002124,-22.75441551208496
Artifact/stylegan3/sg3/stylegan3-t-ffhq-1024x1024/img002710,-8.784170150756836
Artifact/stylegan3/sg3/stylegan3-t-ffhq-1024x1024/img004514,-6.081848621368408
Artifact/stylegan3/sg3/stylegan3-t-ffhqu-1024x1024/img004459,-1.8671612739562988
Artifact/stylegan3/sg3/stylegan3-t-ffhqu-1024x1024/img007100,-4.1859211921691895
Artifact/stylegan3/sg3/stylegan3-t-ffhqu-256x256/img001025,0.9372878074645996
Artifact/stylegan3/sg3/stylegan3-t-ffhqu-256x256/img003179,1.9303230047225952
Artifact/stylegan3/sg3/stylegan3-t-ffhqu-256x256/img007822,-1.1674894094467163
Artifact/stylegan3/sg3/stylegan3-t-metfaces-1024x1024/img003032,-3.8216347694396973
DMimageDetection/test/stylegan3_t_ffhqu_1024x1024/seed12678157,-4.139476299285889
Artifact/lama/lama/lama-dataset/celeb/lamaDeep/img001290,0.4256252944469452
Artifact/lama/lama/lama-dataset/celeb/lamaDeep/img001546,-2.255023717880249
Artifact/lama/lama/lama-dataset/celeb/lamaDeep/img001993,-3.95388126373291
Artifact/lama/lama/lama-dataset/celeb/lamaDeep/img002808,-0.2627185583114624
Artifact/lama/lama/lama-dataset/celeb/lamaDilated/img005493,-5.6190900802612305
Artifact/lama/lama/lama-dataset/celeb/lamaDilated/img005928,-0.08859369903802872
Artifact/lama/lama/lama-dataset/celeb/lamaFourier/img009907,-1.894484043121338
Artifact/lama/lama/lama-dataset/places/bigLama/img011015,-9.539721488952637
Artifact/lama/lama/lama-dataset/places/bigLama/img012657,-10.17595100402832
Artifact/lama/lama/lama-dataset/places/lamaDilated/img014220,-14.685532569885254
Artifact/lama/lama/lama-dataset/places/lamaFourier/img018174,-17.440032958984375
Artifact/lama/lama/lama-dataset/places/lamaFourier/img018500,-8.221921920776367
Artifact/lama/lama/lama-dataset/places/lamaFourier/img018530,-2.256273031234741
Artifact/lama/lama/lama-dataset/places/lamaFourier/img018571,-20.168682098388672
Artifact/lama/lama/lama-dataset/places/lamaFourier/img020779,-16.395687103271484
Artifact/lama/lama/lama-dataset/places/lamaRegular/img021538,-20.864099502563477
Artifact/lama/lama/lama-dataset/places/lamaRegular/img023446,-12.141263961791992
Artifact/face_synthetics/facesyn/images/img000134,-10.21308422088623
Artifact/face_synthetics/facesyn/images/img000958,-8.520142555236816
Artifact/face_synthetics/facesyn/images/img001571,-9.558440208435059
Artifact/face_synthetics/facesyn/images/img001657,-18.96855926513672
Artifact/face_synthetics/facesyn/images/img001728,-6.7615156173706055
Artifact/face_synthetics/facesyn/images/img002232,-19.16681480407715
Artifact/face_synthetics/facesyn/images/img003709,-0.4308754801750183
Artifact/face_synthetics/facesyn/images/img006355,-3.0122227668762207
Artifact/face_synthetics/facesyn/images/img006393,-2.344363212585449
Artifact/face_synthetics/facesyn/images/img006952,-16.783601760864258
Artifact/face_synthetics/facesyn/images/img007170,-6.84653902053833
Artifact/face_synthetics/facesyn/images/img007431,-14.45901870727539
Artifact/face_synthetics/facesyn/images/img007596,-6.721960067749023
Artifact/face_synthetics/facesyn/images/img007602,-11.579434394836426
Artifact/face_synthetics/facesyn/images/img007907,-1.3549752235412598
Artifact/face_synthetics/facesyn/images/img008557,-8.795387268066406
Artifact/face_synthetics/facesyn/images/img008748,-3.7123446464538574
Artifact/projected_gan/proj/art_painting/img000077,-20.77134132385254
Artifact/projected_gan/proj/art_painting/img000639,-18.14289093017578
Artifact/projected_gan/proj/art_painting/img001983,-6.735512733459473
Artifact/projected_gan/proj/bedroom/img002572,1.4858379364013672
Artifact/projected_gan/proj/bedroom/img003244,0.3730561435222626
Artifact/projected_gan/proj/ffhq/img008126,-8.687179565429688
Artifact/projected_gan/proj/landscape/img010396,-7.765129089355469
DDMD/diffusion_model_deepfakes_lsun_bedroom/test/ProjectedGAN/seed1042,-4.806319713592529
DDMD/diffusion_model_deepfakes_lsun_bedroom/test/ProjectedGAN/seed1690,-4.557810306549072
DDMD/diffusion_model_deepfakes_lsun_bedroom/test/ProjectedGAN/seed3297,6.451901912689209
DDMD/diffusion_model_deepfakes_lsun_bedroom/test/ProjectedGAN/seed3908,1.469082236289978
DDMD/diffusion_model_deepfakes_lsun_bedroom/test/ProjectedGAN/seed4778,3.031179666519165
DDMD/diffusion_model_deepfakes_lsun_bedroom/test/ProjectedGAN/seed5026,-2.8548543453216553
DDMD/diffusion_model_deepfakes_lsun_bedroom/test/ProjectedGAN/seed6369,1.1060707569122314
DDMD/diffusion_model_deepfakes_lsun_bedroom/test/ProjectedGAN/seed6416,1.3982012271881104
DDMD/diffusion_model_deepfakes_lsun_bedroom/test/ProjectedGAN/seed7238,1.0816123485565186
DDMD/diffusion_model_deepfakes_lsun_bedroom/test/ProjectedGAN/seed8729,-12.059218406677246
Artifact/palette/palette/images/img001005,-5.247929573059082
Artifact/palette/palette/images/img001236,-5.942599296569824
Artifact/palette/palette/images/img001306,-0.442352831363678
Artifact/palette/palette/images/img001720,-0.5072419047355652
Artifact/palette/palette/images/img001961,-4.707418441772461
Artifact/palette/palette/images/img002090,-3.4225761890411377
Artifact/palette/palette/images/img002463,-7.8624420166015625
Artifact/palette/palette/images/img002821,2.0963900089263916
Artifact/palette/palette/images/img003285,1.2533475160598755
Artifact/palette/palette/images/img003931,-1.1910130977630615
Artifact/palette/palette/images/img004013,-2.420536994934082
Artifact/palette/palette/images/img004317,-0.5757558345794678
Artifact/palette/palette/images/img004810,-2.4298253059387207
Artifact/palette/palette/images/img004969,-5.760047435760498
Artifact/palette/palette/images/img005143,0.4245245158672333
Artifact/palette/palette/images/img005607,-7.12479305267334
Artifact/palette/palette/images/img005781,-4.769192695617676
Artifact/vq_diffusion/vqdiff-imgnet/148/img000550,1.30782151222229
Artifact/vq_diffusion/vqdiff-imgnet/219/img001342,-4.515644550323486
Artifact/vq_diffusion/vqdiff-imgnet/243/img001611,-1.528830885887146
Artifact/vq_diffusion/vqdiff-imgnet/253/img001727,-4.725452899932861
Artifact/vq_diffusion/vqdiff-imgnet/261/img001816,-0.9331949949264526
Artifact/vq_diffusion/vqdiff-imgnet/412/img003497,2.487196207046509
Artifact/vq_diffusion/vqdiff-imgnet/492/img004371,-2.2925219535827637
Artifact/vq_diffusion/vqdiff-imgnet/540/img004918,-2.147768020629883
Artifact/vq_diffusion/vqdiff-imgnet/717/img006878,-6.592883586883545
Artifact/vq_diffusion/vqdiff-imgnet/877/img008645,7.9816460609436035
GenImage/VQ-Diffusion/train/ai/VQDM_1000_200_05_544_vqdm_00179,-0.9160208702087402
GenImage/VQ-Diffusion/train/ai/VQDM_1000_200_05_565_vqdm_00105,3.495284080505371
GenImage/VQ-Diffusion/train/ai/VQDM_1000_200_05_578_vqdm_00150,-0.6776841878890991
GenImage/VQ-Diffusion/train/ai/VQDM_1000_200_07_705_vqdm_00106,5.116878986358643
GenImage/VQ-Diffusion/train/ai/VQDM_1000_200_07_741_vqdm_00034,2.368661642074585
GenImage/VQ-Diffusion/train/ai/VQDM_1000_200_09_960_vqdm_00113,-0.5069695115089417
GenImage/VQ-Diffusion/val/ai/VQDM_1000_200_04_403_vqdm_00143,2.415781021118164
Artifact/denoising_diffusion_gan/dgd/denoising-diffusion-gan-data/img000313,-7.223849296569824
Artifact/denoising_diffusion_gan/dgd/denoising-diffusion-gan-data/img000367,2.757305383682251
Artifact/denoising_diffusion_gan/dgd/denoising-diffusion-gan-data/img000794,-0.6897163391113281
Artifact/denoising_diffusion_gan/dgd/denoising-diffusion-gan-data/img001030,-0.4613700211048126
Artifact/denoising_diffusion_gan/dgd/denoising-diffusion-gan-data/img001536,-0.3717992305755615
Artifact/denoising_diffusion_gan/dgd/denoising-diffusion-gan-data/img002384,-3.0211472511291504
Artifact/denoising_diffusion_gan/dgd/denoising-diffusion-gan-data/img002640,-1.069002389907837
Artifact/denoising_diffusion_gan/dgd/denoising-diffusion-gan-data/img004877,-4.6686272621154785
Artifact/denoising_diffusion_gan/dgd/denoising-diffusion-gan-data/img005632,1.8117480278015137
Artifact/denoising_diffusion_gan/dgd/denoising-diffusion-gan-data/img006137,-1.7983355522155762
Artifact/denoising_diffusion_gan/dgd/denoising-diffusion-gan-data/img006155,-0.2747578024864197
Artifact/denoising_diffusion_gan/dgd/denoising-diffusion-gan-data/img006166,-2.6760878562927246
Artifact/denoising_diffusion_gan/dgd/denoising-diffusion-gan-data/img006907,1.938324213027954
Artifact/denoising_diffusion_gan/dgd/denoising-diffusion-gan-data/img007033,-4.842245101928711
Artifact/denoising_diffusion_gan/dgd/denoising-diffusion-gan-data/img007203,-0.45035219192504883
Artifact/denoising_diffusion_gan/dgd/denoising-diffusion-gan-data/img007671,-0.46828579902648926
Artifact/denoising_diffusion_gan/dgd/denoising-diffusion-gan-data/img008212,-1.2596652507781982
Artifact/glide/glide-in/images/img005520,-22.527935028076172
Artifact/glide/glide-in/images/img008267,-8.390231132507324
Artifact/glide/glide-t2i/images/img004688,-2.4712188243865967
Artifact/glide/glide-t2i/images/img005269,-1.1255861520767212
Artifact/glide/glide-t2i/images/img006981,0.7272627353668213
DMimageDetection/test/glide_text2img_valid/ann000000173889,-12.817710876464844
DMimageDetection/test/glide_text2img_valid/ann000000272467,1.6481667757034302
DMimageDetection/test/glide_text2img_valid/ann000000321294,-1.330704927444458
DMimageDetection/test/glide_text2img_valid/ann000000333027,-7.775157928466797
DMimageDetection/test/glide_text2img_valid/ann000000333426,-1.9974859952926636
GenImage/Glide/train/ai/GLIDE_1000_200_03_310_glide_00076,-0.3812870383262634
GenImage/Glide/train/ai/GLIDE_1000_200_03_319_glide_00093,-2.0678091049194336
GenImage/Glide/train/ai/GLIDE_1000_200_09_941_glide_00102,-9.983235359191895
GenImage/Glide/val/ai/GLIDE_1000_200_07_789_glide_00074,-6.719924449920654
Polardiffshield/Glide/00000106,-4.532232284545898
Polardiffshield/Glide/00000228,-11.026819229125977
Synthbuster/glide/r19d92967t,-11.973142623901367
Artifact/latent_diffusion/latentdiff-t2i/images/img000068,6.035816192626953
Artifact/latent_diffusion/latentdiff-t2i/images/img001609,11.51760196685791
Artifact/latent_diffusion/latentdiff-t2i/images/img002310,15.879997253417969
Artifact/latent_diffusion/latentdiff/43/img003681,-1.9873120784759521
Artifact/latent_diffusion/latentdiff/462/img004041,3.6772522926330566
Artifact/latent_diffusion/latentdiff/672/img006375,3.468475818634033
DDMD/diffusion_model_deepfakes_lsun_bedroom/test/LDM/sample_001180,8.701111793518066
DDMD/diffusion_model_deepfakes_lsun_bedroom/test/LDM/sample_004061,18.574310302734375
DDMD/diffusion_model_deepfakes_lsun_bedroom/test/LDM/sample_005016,29.107608795166016
DDMD/diffusion_model_deepfakes_lsun_bedroom/test/LDM/sample_005282,14.680693626403809
DDMD/diffusion_model_deepfakes_lsun_bedroom/test/LDM/sample_006981,16.402849197387695
DDMD/diffusion_model_deepfakes_lsun_bedroom/test/LDM/sample_007155,30.87155532836914
DMimageDetection/test/latent-diffusion_class2image_ImageNet/latent-diffusion_class2img-imagenet_class-513_0513,13.301862716674805
DMimageDetection/test/latent-diffusion_noise2image_LSUNbedrooms/latent-diffusion_noise2img-lsunbedrooms256_sample_000265,13.548722267150879
DMimageDetection/train/latent_diffusion_text2img_set0/latent-diffusion_text2img_cocotrain2017_133273,19.283246994018555
DMimageDetection/train/latent_diffusion_text2img_set0/latent-diffusion_text2img_cocotrain2017_715262,19.736312866210938
DMimageDetection/valid/latent_diffusion_text2img_set2/latent-diffusion_text2img_cocotrain2017_628415,14.469598770141602
GenImage/Midjourney/train/ai/13_midjourney_95,10.23576545715332
GenImage/Midjourney/train/ai/187_midjourney_10,-1.4017986059188843
GenImage/Midjourney/train/ai/272_midjourney_11,4.442882061004639
GenImage/Midjourney/train/ai/294_midjourney_53,5.705166339874268
GenImage/Midjourney/train/ai/39_midjourney_65,8.524771690368652
GenImage/Midjourney/train/ai/423_midjourney_62,2.2561745643615723
GenImage/Midjourney/train/ai/437_midjourney_105,0.34019577503204346
GenImage/Midjourney/train/ai/571_midjourney_58,6.209117412567139
GenImage/Midjourney/train/ai/586_midjourney_182,-5.789456367492676
GenImage/Midjourney/train/ai/714_midjourney_175,1.0148183107376099
GenImage/Midjourney/train/ai/721_midjourney_75,-1.2160815000534058
GenImage/Midjourney/train/ai/797_midjourney_83,15.390756607055664
GenImage/Midjourney/train/ai/802_midjourney_60,8.322487831115723
GenImage/Midjourney/train/ai/805_midjourney_78,0.33238714933395386
GenImage/Midjourney/train/ai/90_midjourney_182,16.00689697265625
GenImage/Midjourney/train/ai/924_midjourney_87,8.288643836975098
GenImage/Midjourney/train/ai/999_midjourney_115,-0.3875286281108856
Artifact/mat/mat/celebahq/img000631,-0.3156333863735199
Artifact/mat/mat/celebahq/img000801,-4.2390217781066895
Artifact/mat/mat/celebahq/img006108,-0.22370360791683197
Artifact/mat/mat/celebahq/img009556,-1.060078740119934
Artifact/mat/mat/celebahq/img012587,-0.06618884205818176
Artifact/mat/mat/celebahq/img014187,2.5675835609436035
Artifact/mat/mat/celebahq/img014778,-1.537102460861206
Artifact/mat/mat/celebahq/img020140,-3.785327434539795
Artifact/mat/mat/celebahq/img020193,1.9035507440567017
Artifact/mat/mat/celebahq/img020974,-1.260992169380188
Artifact/mat/mat/celebahq/img022180,-1.4500778913497925
Artifact/mat/mat/celebahq/img027879,1.4653311967849731
Artifact/mat/mat/celebahq/img029624,4.480292320251465
Artifact/mat/mat/landscape/img033187,-23.488969802856445
Artifact/mat/mat/landscape/img033661,-0.5926567316055298
Artifact/mat/mat/landscape/img038306,-24.257375717163086
Artifact/mat/mat/landscape/img041728,-21.963830947875977
Artifact/diffusion_gan/diff/lsun-bedroom/Diffusion-ProjectedGAN-LSUN-Bed/img000269,-9.66258716583252
Artifact/diffusion_gan/diff/lsun-bedroom/Diffusion-ProjectedGAN-LSUN-Bed/img000517,-5.991648197174072
Artifact/diffusion_gan/diff/lsun-bedroom/Diffusion-ProjectedGAN-LSUN-Bed/img000862,0.3465307354927063
Artifact/diffusion_gan/diff/lsun-bedroom/Diffusion-ProjectedGAN-LSUN-Bed/img001215,-0.8757951855659485
Artifact/diffusion_gan/diff/lsun-bedroom/Diffusion-ProjectedGAN-LSUN-Bed/img001308,-1.7141966819763184
Artifact/diffusion_gan/diff/lsun-church-data/Diffusion-ProjectedGAN-LSUN-Church/img000053,-3.940725803375244
Artifact/diffusion_gan/diff/lsun-church-data/Diffusion-ProjectedGAN-LSUN-Church/img000517,-6.285118579864502
Artifact/diffusion_gan/diff/lsun-church-data/Diffusion-ProjectedGAN-LSUN-Church/img000987,-4.417179584503174
Artifact/diffusion_gan/diff/lsun-church-data/Diffusion-ProjectedGAN-LSUN-Church/img001219,-4.959615707397461
DDMD/diffusion_model_deepfakes_lsun_bedroom/test/Diff-ProjectedGAN/seed1588,-2.1629981994628906
DDMD/diffusion_model_deepfakes_lsun_bedroom/test/Diff-ProjectedGAN/seed2819,3.4605069160461426
DDMD/diffusion_model_deepfakes_lsun_bedroom/test/Diff-ProjectedGAN/seed3352,-6.314816951751709
DDMD/diffusion_model_deepfakes_lsun_bedroom/test/Diff-ProjectedGAN/seed4310,-4.9080939292907715
DDMD/diffusion_model_deepfakes_lsun_bedroom/test/Diff-ProjectedGAN/seed5803,-0.7837480306625366
DDMD/diffusion_model_deepfakes_lsun_bedroom/test/Diff-ProjectedGAN/seed6432,4.185971736907959
DDMD/diffusion_model_deepfakes_lsun_bedroom/test/Diff-ProjectedGAN/seed7842,-4.4412641525268555
DDMD/diffusion_model_deepfakes_lsun_bedroom/test/Diff-ProjectedGAN/seed8548,-0.6708050966262817
Artifact/diffusion_gan/diff/afhq-data/Diffusion-StyleGAN2-AFHQ/img003333,-9.555468559265137
Artifact/diffusion_gan/diff/ffhq-data/Diffusion-StyleGAN2-ADA-FFHQ/img000876,-0.8708705902099609
Artifact/diffusion_gan/diff/ffhq-data/Diffusion-StyleGAN2-DiffAug-FFHQ/img001938,-15.97684097290039
Artifact/diffusion_gan/diff/ffhq-data/Diffusion-StyleGAN2-DiffAug-FFHQ/img002527,1.2880364656448364
Artifact/diffusion_gan/diff/ffhq-data/Diffusion-StyleGAN2-FFHQ/img003622,-8.224918365478516
DDMD/diffusion_model_deepfakes_lsun_bedroom/test/Diff-StyleGAN2/seed0514,1.509662389755249
DDMD/diffusion_model_deepfakes_lsun_bedroom/test/Diff-StyleGAN2/seed1579,-1.6871720552444458
DDMD/diffusion_model_deepfakes_lsun_bedroom/test/Diff-StyleGAN2/seed2189,-0.847395122051239
DDMD/diffusion_model_deepfakes_lsun_bedroom/test/Diff-StyleGAN2/seed3850,1.1239538192749023
DDMD/diffusion_model_deepfakes_lsun_bedroom/test/Diff-StyleGAN2/seed3940,-1.0262799263000488
DDMD/diffusion_model_deepfakes_lsun_bedroom/test/Diff-StyleGAN2/seed4393,2.5317907333374023
DDMD/diffusion_model_deepfakes_lsun_bedroom/test/Diff-StyleGAN2/seed4793,-0.5465020537376404
DDMD/diffusion_model_deepfakes_lsun_bedroom/test/Diff-StyleGAN2/seed5032,2.0917019844055176
DDMD/diffusion_model_deepfakes_lsun_bedroom/test/Diff-StyleGAN2/seed6048,0.8377382755279541
DDMD/diffusion_model_deepfakes_lsun_bedroom/test/Diff-StyleGAN2/seed8326,0.4451652467250824
DDMD/diffusion_model_deepfakes_lsun_bedroom/test/Diff-StyleGAN2/seed9201,-2.637977361679077
DDMD/diffusion_model_deepfakes_lsun_bedroom/test/Diff-StyleGAN2/seed9628,2.263211727142334
DRCT/stable-diffusion-v1-4/train2017/000000045270,13.934467315673828
DRCT/stable-diffusion-v1-4/train2017/000000383330,17.197368621826172
ELSA_D3/train/row1504286/image_gen1,19.729713439941406
ELSA_D3/train/row1593224/image_gen1,19.32757568359375
ELSA_D3/train/row2176696/image_gen1,12.935380935668945
ELSA_D3/train/row317356/image_gen1,7.4171624183654785
ELSA_D3/train/row850241/image_gen1,8.121731758117676
ELSA_D3/train/row880035/image_gen1,4.248001575469971
ELSA_D3/validation/row2674/image_gen1,-0.6359766721725464
ELSA_D3/validation/row3873/image_gen1,5.338262557983398
ELSA_D3/validation/row4340/image_gen1,14.750173568725586
ELSA_D3/validation/row4501/image_gen1,3.4143218994140625
ELSA_D3/validation/row4516/image_gen1,8.874667167663574
GenImage/Stable Diffusion 1.4/train/ai/125_sdv4_00146,20.302349090576172
GenImage/Stable Diffusion 1.4/train/ai/471_sdv4_00034,28.02248191833496
Synthbuster/stable-diffusion-1-4/r0225b88bt,20.83515739440918
Synthbuster/stable-diffusion-1-4/r0e1a6e2ft,13.170999526977539
DRCT/stable-diffusion-v1-5/train2017/000000012741,11.439691543579102
DRCT/stable-diffusion-v1-5/train2017/000000019240,6.0441389083862305
DRCT/stable-diffusion-v1-5/train2017/000000062766,7.638815402984619
DRCT/stable-diffusion-v1-5/train2017/000000261496,27.795867919921875
DRCT/stable-diffusion-v1-5/train2017/000000264044,5.209290504455566
DRCT/stable-diffusion-v1-5/train2017/000000382801,29.40094757080078
DRCT/stable-diffusion-v1-5/train2017/000000546632,27.113862991333008
GenImage/Stable Diffusion 1.5/train/ai/067_sdv5_00142,18.912765502929688
GenImage/Stable Diffusion 1.5/train/ai/194_sdv5_00120,26.619430541992188
GenImage/Stable Diffusion 1.5/train/ai/245_sdv5_00190,27.822887420654297
GenImage/Stable Diffusion 1.5/train/ai/247_sdv5_00066,22.22728729248047
GenImage/Stable Diffusion 1.5/train/ai/253_sdv5_00175,26.07517433166504
GenImage/Stable Diffusion 1.5/train/ai/282_sdv5_00166,27.833721160888672
GenImage/Stable Diffusion 1.5/train/ai/487_sdv5_00126,17.42953872680664
GenImage/Stable Diffusion 1.5/train/ai/938_sdv5_00190,21.303592681884766
GenImage/Stable Diffusion 1.5/train/ai/945_sdv5_00182,22.04951286315918
GenImage/Stable Diffusion 1.5/train/ai/976_sdv5_00159,30.27007484436035
DRCT/stable-diffusion-2-1/train2017/000000246016,5.464531898498535
DRCT/stable-diffusion-2-1/train2017/000000271240,4.256229877471924
DRCT/stable-diffusion-2-1/train2017/000000503385,4.7678985595703125
ELSA_D3/train/row1359901/image_gen2,1.0984227657318115
ELSA_D3/train/row386374/image_gen2,5.318308353424072
ELSA_D3/train/row957254/image_gen2,0.8753097653388977
ELSA_D3/validation/row1061/image_gen2,2.4805409908294678
ELSA_D3/validation/row1442/image_gen2,10.405439376831055
ELSA_D3/validation/row2616/image_gen2,7.748560905456543
ELSA_D3/validation/row2896/image_gen2,6.7194294929504395
ELSA_D3/validation/row3729/image_gen2,2.538766860961914
Imaginet/sd_paintings_fake/1ee1d5e6-3677-420a-97f0-e3dd0eb2f32d,5.924284934997559
Imaginet/sd_photos_fake/bbc7be50-42c1-4bed-9522-3c8346a77d70,0.8720921874046326
Imaginet/sd_photos_fake/ccf79cf5-987e-40c7-b8a8-d06d263aa5fe,15.552351951599121
Imaginet/sd_photos_fake/e528fa2e-256f-4718-a3b7-1c6112b58876,11.15962028503418
Polardiffshield/Stable-Diffusion-2-1/00000510,20.532344818115234
Polardiffshield/Stable-Diffusion-2-1/00000837,6.031769275665283
ELSA_D3/train/row1066753/image_gen0,-9.707184791564941
ELSA_D3/train/row1207115/image_gen0,-6.9518280029296875
ELSA_D3/train/row12971/image_gen0,-22.893342971801758
ELSA_D3/train/row1684907/image_gen0,-3.2770121097564697
ELSA_D3/train/row1757007/image_gen0,-16.768766403198242
ELSA_D3/train/row1939502/image_gen0,-12.303146362304688
ELSA_D3/train/row2126498/image_gen0,-8.795161247253418
ELSA_D3/train/row280182/image_gen0,-15.54483413696289
ELSA_D3/train/row318494/image_gen0,-11.795628547668457
ELSA_D3/train/row56636/image_gen0,-15.461854934692383
ELSA_D3/validation/row1369/image_gen0,-8.889528274536133
ELSA_D3/validation/row1436/image_gen0,3.6289570331573486
ELSA_D3/validation/row2250/image_gen0,0.009187695570290089
ELSA_D3/validation/row2366/image_gen0,-14.892365455627441
ELSA_D3/validation/row3068/image_gen0,-4.607937335968018
ELSA_D3/validation/row4262/image_gen0,-7.612752914428711
ELSA_D3/validation/row4393/image_gen0,1.906327724456787
DRCT/stable-diffusion-xl-base-1.0/train2017/000000254882,-0.6319639086723328
DRCT/stable-diffusion-xl-base-1.0/train2017/000000306632,1.9929230213165283
DRCT/stable-diffusion-xl-base-1.0/train2017/000000427823,2.636629581451416
DRCT/stable-diffusion-xl-base-1.0/train2017/000000465922,5.8736252784729
DRCT/stable-diffusion-xl-base-1.0/train2017/000000488476,1.481990098953247
ELSA_D3/train/row1155001/image_gen3,2.3612887859344482
ELSA_D3/validation/row1705/image_gen3,-1.9816035032272339
ELSA_D3/validation/row30/image_gen3,8.243130683898926
ELSA_D3/validation/row3618/image_gen3,6.351499080657959
ELSA_D3/validation/row4505/image_gen3,-1.5705434083938599
ELSA_D3/validation/row745/image_gen3,-3.1093854904174805
Imaginet/sdxl_faces_fake/08237e38-f2db-45eb-afd1-425197db0b15,0.9028798937797546
Polardiffshield/Stable-Diffusion-XL/00000067,5.729639053344727
SFHQ-T2I/SDXL_image_0011783,-2.1108620166778564
SFHQ-T2I/SDXL_image_0012823,-1.6107462644577026
Synthbuster/stable-diffusion-xl/r0a8b59bbt,2.1222691535949707
Synthbuster/stable-diffusion-xl/r10f888c2t,3.369925022125244
Imaginet/dalle3/16247089-c316-4889-9135-760560122206,2.805229902267456
Imaginet/dalle3/287299f2-687e-4666-a54f-9126ea2b38fe,8.424405097961426
Imaginet/dalle3/34e45ed6-ee3b-44a8-969d-72f90e071963,1.562438726425171
Imaginet/dalle3/3f442bbf-dfaa-420b-841b-619da71abec7,0.6680158972740173
Imaginet/dalle3/443986bb-ea39-43c6-877b-c5c80b510d18,-5.29378604888916
Imaginet/dalle3/4779da83-837f-4779-8003-446b2b56ea2e,8.256027221679688
Imaginet/dalle3/48fb8256-2f20-4419-845a-631bb67efb14,1.419925332069397
Imaginet/dalle3/4ab43f3f-1493-4a9e-a7e2-d1b60028e738,-7.514730453491211
Imaginet/dalle3/703e73fc-92c3-4f9c-a108-c5ee1fba8fdc,4.368419647216797
Imaginet/dalle3/c4c2d25b-59e6-4cd4-a01b-b7665fa77beb,7.887547016143799
Imaginet/dalle3/d4914795-be57-457f-8fb4-f50e3e76962c,11.412489891052246
Imaginet/dalle3/e0277137-3d6d-4702-8f1b-a90eac8a524a,-10.062030792236328
Imaginet/dalle3/e1181533-1149-46eb-b4e8-8008e04252f1,17.951519012451172
Imaginet/dalle3/e4e9c80f-22a1-42eb-9852-07195721aa64,-5.935705661773682
Imaginet/dalle3/f39a377e-7a3c-49a0-8804-4e385b1936d4,1.5280537605285645
Polardiffshield/Dall-e-3/00000331,-5.901205062866211
Synthbuster/dalle3/r056c0ee6t,-12.353523254394531
SFHQ-T2I/FLUX1_dev_image_0000169,1.3823028802871704
SFHQ-T2I/FLUX1_dev_image_0000530,0.3076174855232239
SFHQ-T2I/FLUX1_dev_image_0001291,-4.803690433502197
SFHQ-T2I/FLUX1_dev_image_0001758,-2.1875433921813965
SFHQ-T2I/FLUX1_dev_image_0001760,-0.34104403853416443
SFHQ-T2I/FLUX1_dev_image_0001988,1.632259726524353
SFHQ-T2I/FLUX1_dev_image_0002579,-3.765275716781616
SFHQ-T2I/FLUX1_dev_image_0002698,-6.497416973114014
SFHQ-T2I/FLUX1_dev_image_0002766,-1.2153838872909546
SFHQ-T2I/FLUX1_dev_image_0005236,-0.7230400443077087
SFHQ-T2I/FLUX1_dev_image_0005460,-2.075202226638794
SFHQ-T2I/FLUX1_dev_image_0005754,2.727492094039917
SFHQ-T2I/FLUX1_dev_image_0005900,-0.9850088953971863
SFHQ-T2I/FLUX1_dev_image_0006186,1.386165976524353
SFHQ-T2I/FLUX1_dev_image_0006246,-2.8101682662963867
SFHQ-T2I/FLUX1_dev_image_0006424,2.1418230533599854
SFHQ-T2I/FLUX1_dev_image_0006639,-3.7755110263824463
SFHQ-T2I/FLUX1_schnell_image_0000365,1.7860175371170044
SFHQ-T2I/FLUX1_schnell_image_0006200,-4.782266616821289
SFHQ-T2I/FLUX1_schnell_image_0008122,1.3570926189422607
SFHQ-T2I/FLUX1_schnell_image_0009322,-1.0130428075790405
SFHQ-T2I/FLUX1_schnell_image_0015755,-1.9939647912979126
SFHQ-T2I/FLUX1_schnell_image_0016419,1.1328938007354736
SFHQ-T2I/FLUX1_schnell_image_0017266,-0.5711371898651123
SFHQ-T2I/FLUX1_schnell_image_0018362,-4.589864253997803
SFHQ-T2I/FLUX1_schnell_image_0024910,-0.6635878682136536
SFHQ-T2I/FLUX1_schnell_image_0026304,-0.545456051826477
SFHQ-T2I/FLUX1_schnell_image_0031348,7.690858364105225
SFHQ-T2I/FLUX1_schnell_image_0033325,-3.0917844772338867
SFHQ-T2I/FLUX1_schnell_image_0043638,-0.035710643976926804
SFHQ-T2I/FLUX1_schnell_image_0050664,-1.3418136835098267
SFHQ-T2I/FLUX1_schnell_image_0051502,-1.6360044479370117
SFHQ-T2I/FLUX1_schnell_image_0052273,-6.987404823303223
SFHQ-T2I/FLUX1_schnell_image_0054895,-1.1165980100631714
